ID_DRIVER,ID_BOOKING
64137cdb35f1e40044e96fb3,64c7be3386a5d1004de3e4b5
60c9f99a5fe99c006644d10f,64c851dfce7203003f93f41a
5dfbed525151ed002ba34591,64c8106e1e2ca2002dc602bd
5d2b01c905b57b0038f8c001,64c80a87d3019302b266748d
5bcfce9b6bc0d20015321a2b,64c80e64ce7203004593925c
6415eb239a8a250040ff46f7,64c80ed12fc380003bb4e141
5d2b01c905b57b0038f8c001,64c7b0d741683f001bcc1120
6415eb239a8a250040ff46f7,64c8181a1e2ca2001bc62a59
649631ade10a42001bcefeb0,64c7d220ce7203004d936e3f
5d2b01c905b57b0038f8c001,64c81b3de17958001b172646
5dadb15ccef702001d64fbe7,64c81167ce7203001d939936
5dadb15ccef702001d64fbe7,64c7ce8f08a11fc96100040c
5dadb15ccef702001d64fbe7,64c7fe07e17958004f16f5d6
5dadb15ccef702001d64fbe7,64c837d4c62a9f00216fe627
5bc8b958cbe2130018b59aab,64c801c526090f00354ff7e5
5d3a99724dde2d19361d4b50,64c8498341683f0025cc9967
5bcfce9b6bc0d20015321a2b,64c84da7aebfbf0057a36f08
638fa9119924760062323f3e,64c82b70f1a5fd0055d38dc9
5e70f6a1eeb3d800590d5931,64c849bd4fb869005d9a3afe
5bcfce9b6bc0d20015321a2b,64c831091e003b003d647fa2
5d3a99724dde2d19361d4b50,64c7c5ff048a651aef19f2c0
5bcf41806bc0d2003c319c1e,64c7f25e7c5aba0045c250b0
5c15a1d6e6d0ea004270b6cb,64c85714d3019302b266b540
64bee7fadfd007003fe0798c,64c8636f6895a8003c014d3d
64bee7fadfd007003fe0798c,64c86954c62a9f005570110f
5e489fcffc0ddd00ae308e03,64c86b8b689b84001d3eb2d0
5e28b17713db68004940ae82,64c7c36dbc336ba86ab31688
60c9f99a5fe99c006644d10f,64c83d7a689b84002d3e8d19
5eda1b7be3b941014eb7e771,64c801ea1e2ca2003bc60728
5d3a99724dde2d19361d4b50,64c7c1f3bc336b3c26b21fba
64a5b4cc404cb00055fdf203,64c7b92672d115dfd52282a7
5c4df1e06610ed00131f1f0d,64c7ee287c5aba0035c25141
5d600d772fdc6b0045e1d3e8,64c7b76b08a11fba19001f4c
649631ade10a42001bcefeb0,64c7b745deff9cf1552bb6a9
5d3a99724dde2d19361d4b50,64c7b7826cf4ac003336915a
5c3b6e17dfb7ac0046012d19,64c7b7f97a39720033b9cff1
64b6d850e7b80d00462c6e7d,64c7bbd888d4cf00354b8383
60c9f99a5fe99c006644d10f,64c86589c62a9f0055700e38
64b972298ed65ad42ad85d1a,64c81655048a65ae4a1accd4
60c9f99a5fe99c006644d10f,64c85fa54fb86900459a57a7
6494890273b80c004d8d6a41,64c7b9dd1e2ca20025c5c17f
64b6d850e7b80d00462c6e7d,64c806262fc3800043b4c4f4
60e3488e13590801622c5012,64c7c773048a65eac41a3fd1
63d4b05551d792003483a56b,64c88933689b84003d3ec1ec
640d11bc0607d1005400c4b1,64c7412c0f5697e343edd1b1
60a75216d65f1d00c17ff5ee,64c80cb141683f0025cc5409
5c09d58da82e8b00303776f4,64c8071d3ab6e80046a738e2
5eda1b7be3b941014eb7e771,64c8293726090f0045502bb3
6490a2b4d5d6bf001d922883,64c826de88d4cf00454be77d
645824f1082cfb004c78de7c,64c8225c3ab6e8003fa74e3b
5bcf41806bc0d2003c319c1e,64c7ae63fad9450025d01b5c
6494890273b80c004d8d6a41,64c829b51e003b004b6476de
6490a2b4d5d6bf001d922883,64c82b80ce7203003793c00d
5d66a81b82d0e30016614969,64c826f788d4cf005d4be105
641d40141206a4001efff404,64c86b59d30193310065abf3
63d4b05551d792003483a56b,64c7e77e2fc3800043b4abcc
6494890273b80c004d8d6a41,64c817014db0a0001bf1a5fe
5bcfce9b6bc0d20015321a2b,64c813fa88d4cf002d4bd756
5ce6e0d6e5b33f005ed650ad,64c7c8f0e17958003b16cf61
5bcf41806bc0d2003c319c1e,64c7c95741683f003dcc169e
6470f116f74d84004426c7ce,64c841f0f1a5fd0055d39dbb
64b6d850e7b80d00462c6e7d,64c83384ce7203005b93c1b1
637cfe7265068900307c183b,64c7d3251e003b0025642e02
5bcf41806bc0d2003c319c1e,64c7e9dcbc336b1523b28d69
645824f1082cfb004c78de7c,64c7e6397c5aba0045c247a6
643ada2cc57527001eaf01ec,64c7bf9672d115296a221dab
5eda1b7be3b941014eb7e771,64c812ccf1a5fd001dd37b99
64b972298ed65ad42ad85d1a,64c7c517048a6560dd196bc6
5bb99087b2cb0c000fb6e66a,64c7c0c8c8d9f000356a9282
5c09d58da82e8b00303776f4,64c7bc2ef1a5fd0045d32a46
645f268dce826a001abc0768,64c7d1ea1e2ca2005fc5d993
5bcfce9b6bc0d20015321a2b,64c7c7e67138a8001d565c26
5c3b6e17dfb7ac0046012d19,64c7c06e048a65d3f11a723a
60a75216d65f1d00c17ff5ee,64c7c33d7a39720043b9dd66
5ce334b3d1b7a0002b9f5e9b,64c7cf9abc336bd589b2dd3e
5c4df1e06610ed00131f1f0d,64c7c37a7c5aba002dc230f6
5bcfce9b6bc0d20015321a2b,64c7c36abc336b3c26b2221d
5bc228de5c7595000cd2beba,64c7bce67c5aba005dc21e9d
64a5b4cc404cb00055fdf203,64c7c2727138a8002d5649d4
631bc4a51f9f68003bbfbb9c,64c7b2d188d4cf005d4b81a2
5d2b01c905b57b0038f8c001,64c7cf152fc3800043b494e1
5d600d772fdc6b0045e1d3e8,64c7a9571e003b001d63fbf5
640d11bc0607d1005400c4b1,64c8771c08a11f7fbeffa9e1
638fa9119924760062323f3e,64c839dd08a11fc961005a0c
5bcd4ea2f14c6c0024c9506a,64c86d1fd3019302b466d5d0
5dc674cfd86126002ce2d19b,64c7e9bf3ab6e80046a70cfa
5d56cd492c645d38fbceacbd,64c873dc2fc380001db5110e
5bcccfe268343300246c27cf,64c7c7b2048a6542a319a746
640d11bc0607d1005400c4b1,64c871742847c8001bdeea03
63d4b05551d792003483a56b,64c8277b1e2ca2004ec60583
6494890273b80c004d8d6a41,64c7d4ef08a11fc961000a2e
5bcfce9b6bc0d20015321a2b,64c806777138a8001d568e68
5d3a99724dde2d19361d4b50,64c7e5e71e2ca2003ec5eb8e
60a75216d65f1d00c17ff5ee,64c7e046d30193c6d466cda9
60a75216d65f1d00c17ff5ee,64c8164cf1a5fd003dd37a5b
5d3a99724dde2d19361d4b50,64c806b241683f004dcc3ce4
60a75216d65f1d00c17ff5ee,64c7e4947c5aba0055c2466e
5bcfce9b6bc0d20015321a2b,64c8350a4db0a0001bf1cc69
5d56cd492c645d38fbceacbd,64c8446ac62a9f00396ff3fe
648cec144aaaa5003d4b5b11,64c846ec2847c8001ddecb62
5e489fcffc0ddd00ae308e03,64c850a6f1a5fd0035d3b372
64c81adbf1a5fd001bd38cb4,64c844a77138a8002556d138
63320d7fe0cb26005bdf46fb,64c84b7341683f004dcc7f62
6494890273b80c004d8d6a41,64c847d6aebfbf001ba373a2
61ee46bb829d2600f7bc8bc1,64c7fb9ddeff9c30f92b4eb8
5bcf41806bc0d2003c319c1e,64c7fb31ce7203004d939386
5bcfce9b6bc0d20015321a2b,64c82916048a6560dd19ced5
5e489fcffc0ddd00ae308e03,64c85a22f1a5fd0025d3b1b8
5e489fcffc0ddd00ae308e03,64c853fb3ab6e8003ba75cef
63651c8bf857ca005c713618,64c7cf582fc380001bb48f76
637d22b6c96aca001a8fd664,64c7e58f72d11512b9226932
5bcfce9b6bc0d20015321a2b,64c7e750048a65d3f11a9b1c
5bcb65765984be0012cbbb40,64c7decdd30193513e65c29d
63320d7fe0cb26005bdf46fb,64c8565b3cf107002f9ac9f4
60a75216d65f1d00c17ff5ee,64c7e7102fc3800043b4aaf6
64b972298ed65ad42ad85d1a,64c83035048a657cbf19a322
6415eb239a8a250040ff46f7,64c7e5ba7c5aba0035c242af
64bee7fadfd007003fe0798c,64c845ea3ab6e80023a774cd
5bcd4ea2f14c6c0024c9506a,64c7e22b26090f00554feee8
5bc8b958cbe2130018b59aab,64c7e1097a39720063b9f72e
5e767b8f23fdfb007dd37285,64c8193ad3019302b4667e55
5d66a81b82d0e30016614969,64c82f1c4fb86900459a26ea
648cec144aaaa5003d4b5b11,64c815487a39720063ba2573
648cec144aaaa5003d4b5b11,64c831d3d301937d5b65c03b
63fc60113ccfef17f10f7a64,64c7f14a7138a8004d568090
5bc8b958cbe2130018b59aab,64c7ef3b72d115b79a231b53
5d27b308e65b7e0026abda78,64c741f6e6653f1ff6c4531a
5dd00febf9e2980030f03b02,64c7f64588d4cf002d4bbd10
5dc674cfd86126002ce2d19b,64c7fd494db0a00035f188b0
60a75216d65f1d00c17ff5ee,64c7ef64ce72030037939080
5bcd4ea2f14c6c0024c9506a,64c83e747a39720023ba3884
640d11bc0607d1005400c4b1,64c865c1f1a5fd005dd3d296
6084da0717e352001e9333f4,64c852bc41683f004dcc871f
5d2b01c905b57b0038f8c001,64c7f5b87a3972004bba148e
5bcd4ea2f14c6c0024c9506a,64c7f8172fc380005bb4aa2c
5ddee97750f5c300603e8475,64c7bd4172d115487b21e8e8
6415eb239a8a250040ff46f7,64c7f2bb26090f005d4feb45
601d2990cfb56b00c0f6e548,64c7d5111e003b004d64288e
64b6d850e7b80d00462c6e7d,64c7d0072fc3800033b48e9f
5bce8ca42ee9e20012dc4369,64c7dc35d301935d5f65b7de
648cec144aaaa5003d4b5b11,64c7f2d84db0a0001bf17ff6
647ae4d26293f90024be39cd,64c7d5b5f1a5fd0025d33f88
645f268dce826a001abc0768,64c7da377c5aba0045c23f4a
636d2b7148412e003c3f4eec,64c7d490deff9c9daa2c2c48
62f7f1d03f2ea4001bbb2571,64c7dddc048a6560dd197f0f
5bc8b958cbe2130018b59aab,64c7da55deff9cc5cf2bfecb
5bce8ca42ee9e20012dc4369,64c7bc007c5aba0025c23052
643ada2cc57527001eaf01ec,64c7c7b53ab6e8005ba6f0c9
63ead0d714394d004eb8b9ef,64c7c85688d4cf002d4b8cf9
637cfe7265068900307c183b,64c7bc6a4db0a00055f15ba0
5bb99087b2cb0c000fb6e66a,64c855f6c62a9f002b701495
60a75216d65f1d00c17ff5ee,64c7f747d30193263f662e65
636d2b7148412e003c3f4eec,64c7f5be41683f001dcc405e
5e70f6a1eeb3d800590d5931,64c85080d301935d5f6623f7
64a44d42b01c57004cb248b3,64c8723b048a65eacc1aecc0
5bcd4ea2f14c6c0024c9506a,64c876853cf107004d9ad951
640d11bc0607d1005400c4b1,64c85e79689b84002d3eb75e
5e489fcffc0ddd00ae308e03,64c8743cd30193310065b49a
640d11bc0607d1005400c4b1,64c853202fc380001bb4f862
6415eb239a8a250040ff46f7,64c7fd917c5aba005dc25f54
64b972298ed65ad42ad85d1a,64c7ac322fc3800025b4736c
5c4df1e06610ed00131f1f0d,64c7cac4ce7203002d936559
5bdef8fcb80ff7003306d307,64c85e592fc3800025b50d69
5c4df1e06610ed00131f1f0d,64c7f748d3019302b26660d5
6494890273b80c004d8d6a41,64c85b6d88d4cf00454c157f
5bcd4ea2f14c6c0024c9506a,64c842ac41683f003dcc81f3
5eda1b7be3b941014eb7e771,64c8432eaebfbf0057a3627f
648cec144aaaa5003d4b5b11,64c83bae4db0a0004df1c55d
64b6d850e7b80d00462c6e7d,64c842e6d301937d5b65d199
645824f1082cfb004c78de7c,64c8026e2fc3800053b4b1eb
5d3a99724dde2d19361d4b50,64c7d2571e003b001d642ac2
6494890273b80c004d8d6a41,64c7c6a61e2ca2003bc5ca83
5eda1b7be3b941014eb7e771,64c806b2048a65eac41a8532
5c09d58da82e8b00303776f4,64c7c9453ab6e8002ba6e314
6494890273b80c004d8d6a41,64c82d732fc3800053b4d51e
637cfe7265068900307c183b,64c7c895ce7203005d935b9e
5ce334b3d1b7a0002b9f5e9b,64c7fed33ab6e8003fa72301
6470f116f74d84004426c7ce,64c82c14ce7203001b93a22a
645f268dce826a001abc0768,64c7c8a8048a651aef19f932
5bcf41806bc0d2003c319c1e,64c7bc003ab6e8005ba6e323
636d2b7148412e003c3f4eec,64c7db35bc336ba86ab328eb
601d2990cfb56b00c0f6e548,64c7ebcf08a11fc95f004e51
60e3488e13590801622c5012,64c7e2242fc3800063b499ab
5c09d58da82e8b00303776f4,64c7ec7f08a11fba19004c3a
5bce8ca42ee9e20012dc4369,64c7c3b01e2ca20046c5cd3f
6470f116f74d84004426c7ce,64c7b08588d4cf00254b7fc2
63d4b05551d792003483a56b,64c7dee3e17958001b16edbe
5c4df1e06610ed00131f1f0d,64c7e47af1a5fd003dd34c51
64b6d850e7b80d00462c6e7d,64c743cbde7f68ca28c9449a
640d11bc0607d1005400c4b1,64c84d0e1e003b005d64953e
64137cdb35f1e40044e96fb3,64c7b75188d4cf004d4b7519
5bcfce9b6bc0d20015321a2b,64c7b6d2deff9c44b42af672
64be72529fddf8004d723805,64c855332fc3800033b4eec6
636d2b7148412e003c3f4eec,64c812d51e003b005564588d
64b972298ed65ad42ad85d1a,64c7b77808a11fba19001f61
5bcfce9b6bc0d20015321a2b,64c7d71088d4cf002d4ba027
60c9f99a5fe99c006644d10f,64c86f5141683f0035ccca64
5d2b01c905b57b0038f8c001,64c7b8812fc3800025b47cc3
63fc60113ccfef17f10f7a64,64c7cb932fc380005bb4872a
61ee46bb829d2600f7bc8bc1,64c7e3a97a3972001bb9fab8
62b9e7993dad2c0049da1fac,64c80ab5bac0d000203b1cb4
5ddee97750f5c300603e8475,64c7cc06ce7203003f936589
60e3488e13590801622c5012,64c7bea41e2ca2003ec5cd62
5eda1b7be3b941014eb7e771,64c7f0e426090f00354fe502
5bcfce9b6bc0d20015321a2b,64c81f40c62a9f002b6fd00f
6415eb239a8a250040ff46f7,64c81dab1e2ca2003ec61ad5
5bcf41806bc0d2003c319c1e,64c81b6741683f001bcc6a06
62e486d67b0e5e0053b4103d,64c81b60d301935d5f65fc1e
60a75216d65f1d00c17ff5ee,64c819a5048a657cbf1990ac
5dc674cfd86126002ce2d19b,64c7f58a1e2ca20057c5e6e2
63d4b05551d792003483a56b,64c7f8863ab6e8003fa71ac7
5e767b8f23fdfb007dd37285,64c814911e2ca20057c5fed2
6046702bbf42da0078efb2ea,64c8012a1e2ca2003bc6052a
6490bd3af46e82001b074b11,64c84eb6bac0d000403b5706
64a5b4cc404cb00055fdf203,64c7b3ab048a65eacc1a3d3c
5bc8b958cbe2130018b59aab,64c7c5852fc380005bb480c6
5bcf41806bc0d2003c319c1e,64c82232048a651aef1a4f07
64951fcaa31cc3005728aa8f,64c7c2cfc8d9f0004e6a957f
5bcfce9b6bc0d20015321a2b,64c855be7c5aba0045c2af14
5c4df1e06610ed00131f1f0d,64c7cdcd7a39720053ba036d
64b5af4f0ca579002f8ebb6e,64c7c1fd4db0a0005df15ecd
64b972298ed65ad42ad85d1a,64c7cd6dbc336b2747b2460a
60a75216d65f1d00c17ff5ee,64c8085dd30193263f663f97
5e767b8f23fdfb007dd37285,64c807c1c62a9f00496fb9b3
5d56cd492c645d38fbceacbd,64c82e7a689b84001b3e7ad0
601d2990cfb56b00c0f6e548,64c7bfa77a3972005bb9e688
60c9f99a5fe99c006644d10f,64c87ffbc62a9f005d701246
5e28b17713db68004940ae82,64c7f6bb3ab6e8004da7015c
6470f116f74d84004426c7ce,64c7a8416fdec4001d2f2432
5e767b8f23fdfb007dd37285,64c82ea226090f00255027fc
641b651ab62ade004c959e56,64c7e8f37c5aba003dc240ef
5e489fcffc0ddd00ae308e03,64c8638e048a6528c8198870
640d11bc0607d1005400c4b1,64c74bd109c614e11cfaeb23
5ce6e0d6e5b33f005ed650ad,64c7b97641683f0025cc11e4
5ce6e0d6e5b33f005ed650ad,64c7d24672d11512b9224ef2
5d2b01c905b57b0038f8c001,64c8016f1e2ca20057c5f3c0
64a5b4cc404cb00055fdf203,64c7d13bf1a5fd0025d33b53
641b651ab62ade004c959e56,64c7c4b0ce7203005b935d61
5d56cd492c645d38fbceacbd,64c851083ab6e8001ba76853
60c9f99a5fe99c006644d10f,64c85d18c62a9f0039701030
5c09d58da82e8b00303776f4,64c856853ab6e80063a7573d
5bcd4ea2f14c6c0024c9506a,64c80036e17958003b16f602
62b9e7993dad2c0049da1fac,64c8579e048a651aef1a81e0
5d3a99724dde2d19361d4b50,64c7f13908a11f29c8ff851a
64137cdb35f1e40044e96fb3,64c7faed1e003b002d645663
5eda1b7be3b941014eb7e771,64c7eb38bc336b0020b2c25f
5ce6e0d6e5b33f005ed650ad,64c8005d26090f005d4ff1ac
648cec144aaaa5003d4b5b11,64c7c4e7e17958004316ca54
63d4b05551d792003483a56b,64c7c74472d115487b21f2dc
64b6d850e7b80d00462c6e7d,64c7f9b126090f004d4ff3c7
649631ade10a42001bcefeb0,64c7fec27a3972004bba251c
64b5af4f0ca579002f8ebb6e,64c7decbe17958004316e52a
5e767b8f23fdfb007dd37285,64c7fac888d4cf00354bb87f
5d2b01c905b57b0038f8c001,64c7e96041683f0055cc3b3b
















































































































































































































































































































































































































































































































































































































































































































































